<?xml version="1.0" encoding="UTF-8" ?>
<!DOCTYPE mapper
  PUBLIC "-//mybatis.org//DTD Mapper 3.0//EN"
  "http://mybatis.org/dtd/mybatis-3-mapper.dtd">
 <mapper namespace="org.iclass.dao.CommunityMapper">
 	<!-- insert,update,delete 는 자동으로 메소드에서 return 값이 생깁니다. resultType 안씁니다. -->
 	<insert id="insert" parameterType="Community" useGeneratedKeys="false" >
 	<!-- 오라클은 idx를 시퀀스를 이용하여 값을 만듭니다. useGeneratedKeys="false"  -->
 		INSERT INTO community
 			(idx,writer,title,content,ip) 
		VALUES 
			(community_idx_seq.nextval,#{writer},#{title},#{content},#{ip})
	<!-- insert 후에 증가된 시퀀스값 (현재값) 가져오기 : idx 필드에 저장하기-->	
		<selectKey keyProperty="idx" resultType="long" order="AFTER">
			SELECT community_idx_seq.currval 
			FROM dual
		</selectKey>	
		<!-- mysql은 idx컬럼에 autoincrement 속성 설정하므로 useGeneratedKeys="true"
	<insert id="insert" parameterType="org.iclass.vo.Community" 
 		keyProperty="idx" keyColumn="idx" useGeneratedKeys="true" >		
		 -->
 	</insert>  
 	<!-- null 허용한 컬럼은 타입을 알려주어 NULL 이 입력되도록 한다. -->
 	
 	<update id="update" parameterType="Community">
	 	UPDATE community
		SET 
			title=#{title}, content=#{content} ,ip=#{ip}
		WHERE 
			idx=#{idx}
 	</update>
 	
 	<delete id="delete" parameterType="long">
 		DELETE FROM 
 			community 
 		WHERE 
 			idx=#{idx}
 	</delete>
 	
 	<select id="selectByIdx" parameterType="long" resultType="Community">
 		SELECT * 
 		FROM 
 			community 
 		WHERE 
 			idx=#{idx}   <!-- PK로 조회 -->
 	</select>
 	
 	<select id="count" resultType="int">
 		SELECT count(*) FROM community
 	</select>
 	
 	<update id="setReadCount" parameterType="long">
 		UPDATE community 
		SET 
			READCOUNT = READCOUNT +1 
		WHERE 
			idx = #{idx}
 	</update>
 	<select id="commentsCount" resultType="long" parameterType="long">
 		SELECT count(*) 
 		FROM communityComments 
 		WHERE 
 			mref=#{mref}
 	</select>
 	
 	<select id="maxOf" resultType="int">
 		SELECT max(idx) FROM community 
 	</select>
 	
 	<!-- 메인글 목록 가져오기 - 할일 : 한번에(즉 한페이지에) 글 10개씩 가져오도록 변경. feature.sql 참고   -->
 	<select id="list" resultType="Community">
 		SELECT * 
 		FROM community
 	</select>
 	
 </mapper>
 
 
 
 
 
 